hx,sweeps,work_proxy,RMS_error
0.14,700,243600,5.863224140797351e+21
0.12,700,333200,3.8436949251536317e+21
0.1,700,487900,3.843694890369263e+21
