N_paths_per_node,work_proxy,RMS_error
12,161982,3.843694890369263e+21
24,302657,3.843694890369263e+21
48,623880,3.843694890369263e+21
72,907844,3.843694890369263e+21
